metric_a,metric_b,n,pearson_r,pearson_p,spearman_r,spearman_p
stars_value,downloads_value,899,0.008465106493679247,0.7999100811218272,0.25194333562924226,1.752307323214659e-14
stars_value,github_open_issues,900,0.18260728189518002,3.447238843137979e-08,0.6409809554486522,2.7982599394385872e-105
stars_value,scorecard_score,675,0.18670846110530392,1.03504759373794e-06,0.29108285428766656,1.1981197923477446e-14
downloads_value,github_open_issues,899,0.11883165506895806,0.00035606907350686356,0.24858578829415692,3.9669587631171764e-14
downloads_value,scorecard_score,674,0.41589995818165876,1.4214503782064412e-29,0.347367590066891,1.5091055799555048e-20
github_open_issues,scorecard_score,675,0.30589880763824684,4.350045537732865e-16,0.29730331686939615,3.0482111103363522e-15
